{"_type":"export","__export_format":4,"__export_date":"2021-06-05T19:19:35.876Z","__export_source":"insomnia.desktop.app:v2021.3.0","resources":[{"_id":"req_6a4ad52e1b65468bb40e8f6325637feb","parentId":"fld_bb0dea7ade9e480f957334458dd24632","modified":1622903706621,"created":1615732991467,"url":"http://localhost:3333/groups/4/request/3","name":"Remove","description":"","method":"DELETE","body":{},"parameters":[],"headers":[],"authentication":{"type":"bearer","token":"{{token}}"},"metaSortKey":-1615732991467,"isPrivate":false,"settingStoreCookies":true,"settingSendCookies":true,"settingDisableRenderRequestBody":false,"settingEncodeUrl":true,"settingRebuildPath":true,"settingFollowRedirects":"global","_type":"request"},{"_id":"fld_bb0dea7ade9e480f957334458dd24632","parentId":"wrk_066b06d4e2c446bdbfc04a2f240aa106","modified":1615484351481,"created":1615484351481,"name":"Group Request","description":"","environment":{},"environmentPropertyOrder":null,"metaSortKey":-1615484351481,"_type":"request_group"},{"_id":"wrk_066b06d4e2c446bdbfc04a2f240aa106","parentId":null,"modified":1604788699434,"created":1604788699434,"name":"Roleplay","description":"","scope":"collection","_type":"workspace"},{"_id":"req_e81609a1bb524c63bc7bbd559264b482","parentId":"fld_bb0dea7ade9e480f957334458dd24632","modified":1622903566374,"created":1615551011605,"url":"http://localhost:3333/groups/requests?master=1","name":"List","description":"","method":"GET","body":{},"parameters":[],"headers":[],"authentication":{"type":"bearer","token":"{{token}}"},"metaSortKey":-1615551011606,"isPrivate":false,"settingStoreCookies":true,"settingSendCookies":true,"settingDisableRenderRequestBody":false,"settingEncodeUrl":true,"settingRebuildPath":true,"settingFollowRedirects":"global","_type":"request"},{"_id":"req_bd28ca20e17c4016bfb00933b7bfa7b6","parentId":"fld_bb0dea7ade9e480f957334458dd24632","modified":1622919235438,"created":1615485605825,"url":"http://localhost:3333/groups/10/request/4/accept","name":"Accept Group Request","description":"","method":"POST","body":{},"parameters":[],"headers":[],"authentication":{"type":"bearer","token":"{{token}}"},"metaSortKey":-1615485605825,"isPrivate":false,"settingStoreCookies":true,"settingSendCookies":true,"settingDisableRenderRequestBody":false,"settingEncodeUrl":true,"settingRebuildPath":true,"settingFollowRedirects":"global","_type":"request"},{"_id":"req_df932bf3d9c14f51ba208c75c42edee0","parentId":"fld_bb0dea7ade9e480f957334458dd24632","modified":1622919209575,"created":1615484359871,"url":"http://localhost:3333/groups/10/request","name":"Create","description":"","method":"POST","body":{},"parameters":[],"headers":[],"authentication":{"type":"bearer","token":"{{token}} "},"metaSortKey":-1615484359871,"isPrivate":false,"settingStoreCookies":true,"settingSendCookies":true,"settingDisableRenderRequestBody":false,"settingEncodeUrl":true,"settingRebuildPath":true,"settingFollowRedirects":"global","_type":"request"},{"_id":"req_bdd7ef7e036d427a874e8a2007dcf658","parentId":"fld_9c74c208915f4294b4eafb2a3c6f9333","modified":1622903657632,"created":1622902802452,"url":"http://localhost:3333/groups/4/players/2","name":"Remove Player","description":"","method":"DELETE","body":{},"parameters":[],"headers":[],"authentication":{"type":"bearer","token":"{{token}}"},"metaSortKey":-1622902802452,"isPrivate":false,"settingStoreCookies":true,"settingSendCookies":true,"settingDisableRenderRequestBody":false,"settingEncodeUrl":true,"settingRebuildPath":true,"settingFollowRedirects":"global","_type":"request"},{"_id":"fld_9c74c208915f4294b4eafb2a3c6f9333","parentId":"wrk_066b06d4e2c446bdbfc04a2f240aa106","modified":1604967659380,"created":1604967659380,"name":"Group","description":"","environment":{},"environmentPropertyOrder":null,"metaSortKey":-1604967659380,"_type":"request_group"},{"_id":"req_9f261912930d472eadbcf72f1d4c9c13","parentId":"fld_9c74c208915f4294b4eafb2a3c6f9333","modified":1622902875433,"created":1622902269628,"url":"http://localhost:3333/groups/1","name":"Delete","description":"","method":"DELETE","body":{},"parameters":[],"headers":[],"authentication":{"type":"bearer","token":"{{token}}"},"metaSortKey":-1622902269629,"isPrivate":false,"settingStoreCookies":true,"settingSendCookies":true,"settingDisableRenderRequestBody":false,"settingEncodeUrl":true,"settingRebuildPath":true,"settingFollowRedirects":"global","_type":"request"},{"_id":"req_c00abc4546af4ff7b233c4a770de8b13","parentId":"fld_9c74c208915f4294b4eafb2a3c6f9333","modified":1622902845329,"created":1604971243913,"url":"http://localhost:3333/groups/1","name":"Update","description":"","method":"PATCH","body":{"mimeType":"application/json","text":"{\n\t\"description\": \"New description\"\n}"},"parameters":[],"headers":[{"name":"Content-Type","value":"application/json","id":"pair_f1900f63db2b4ea5a8b6773c9f405182"}],"authentication":{"type":"bearer","token":"{{token}}"},"metaSortKey":-1604971243913,"isPrivate":false,"settingStoreCookies":true,"settingSendCookies":true,"settingDisableRenderRequestBody":false,"settingEncodeUrl":true,"settingRebuildPath":true,"settingFollowRedirects":"global","_type":"request"},{"_id":"req_4e92746236b2436da7fbd968852867e1","parentId":"fld_9c74c208915f4294b4eafb2a3c6f9333","modified":1622920667924,"created":1607544544625,"url":"http://localhost:3333/groups?user=1&text=Mesa 1&page=2","name":"List","description":"","method":"GET","body":{},"parameters":[],"headers":[],"authentication":{"type":"bearer","token":"{{token}}"},"metaSortKey":-1604969455093.5,"isPrivate":false,"settingStoreCookies":true,"settingSendCookies":true,"settingDisableRenderRequestBody":false,"settingEncodeUrl":true,"settingRebuildPath":true,"settingFollowRedirects":"global","_type":"request"},{"_id":"req_55ed55f8f75945d88123219470add7b6","parentId":"fld_9c74c208915f4294b4eafb2a3c6f9333","modified":1622902358342,"created":1604967666228,"url":"http://localhost:3333/groups","name":"Create","description":"","method":"POST","body":{"mimeType":"application/json","text":"{\n\t\"name\": \"Mesa 1\",\n  \"description\": \"Dummy description\",\n  \"master\": 1,\n\t\"location\": \"Dummy Location\",\n\t\"schedule\": \"Dummy Schedule\",\n\t\"chronic\": \"Dummy chronic\"\n}"},"parameters":[],"headers":[{"name":"Content-Type","value":"application/json","id":"pair_ab971259147040a3b86bffd6e0d257e9"}],"authentication":{"type":"bearer","token":"{{token}}"},"metaSortKey":-1604967666274,"isPrivate":false,"settingStoreCookies":true,"settingSendCookies":true,"settingDisableRenderRequestBody":false,"settingEncodeUrl":true,"settingRebuildPath":true,"settingFollowRedirects":"global","_type":"request"},{"_id":"req_fde4d442c06748859fead21d0cae57bd","parentId":"fld_52c2de48b41745f5ab61b00cf90a30d4","modified":1622901889947,"created":1605191011802,"url":"http://localhost:3333/forgot-password","name":"Recovery Password","description":"","method":"POST","body":{"mimeType":"application/json","text":"{\n\t\"email\": \"giu1@test.com\",\n\t\"resetPasswordUrl\": \"url\"\n}"},"parameters":[],"headers":[{"name":"Content-Type","value":"application/json","id":"pair_7d9edf8f259a45cfb07fca7e2400e748"}],"authentication":{},"metaSortKey":-1605191011802,"isPrivate":false,"settingStoreCookies":true,"settingSendCookies":true,"settingDisableRenderRequestBody":false,"settingEncodeUrl":true,"settingRebuildPath":true,"settingFollowRedirects":"global","_type":"request"},{"_id":"fld_52c2de48b41745f5ab61b00cf90a30d4","parentId":"wrk_066b06d4e2c446bdbfc04a2f240aa106","modified":1605191003087,"created":1604963032695,"name":"Auth","description":"","environment":{},"environmentPropertyOrder":null,"metaSortKey":-1604963032695,"_type":"request_group"},{"_id":"req_f05f0a38131c4b33b00651845ddcd07f","parentId":"fld_52c2de48b41745f5ab61b00cf90a30d4","modified":1622903225128,"created":1604963042560,"url":"http://localhost:3333/sessions","name":"Create","description":"","method":"POST","body":{"mimeType":"application/json","text":"{\n\t\"email\": \"giu2@test.com\",\n\t\"password\": \"123456\"\n}"},"parameters":[],"headers":[{"name":"Content-Type","value":"application/json","id":"pair_8cd07787555c41499c0c1eecf00649b6"}],"authentication":{},"metaSortKey":-1604963042560,"isPrivate":false,"settingStoreCookies":true,"settingSendCookies":true,"settingDisableRenderRequestBody":false,"settingEncodeUrl":true,"settingRebuildPath":true,"settingFollowRedirects":"global","_type":"request"},{"_id":"req_9d64c0ec91ad42dba1f3815348085cbe","parentId":"fld_d6d8b60e5c014a2c9d78c23cb7eb743a","modified":1622901552285,"created":1618782929627,"url":"http://localhost:3333/users/1","name":"Update","description":"","method":"PUT","body":{"mimeType":"application/json","text":"{\n\t\"email\": \"giu1@test.com\",\n\t\"password\": \"123456\",\n\t\"avatar\": \"https://github.com/giuliana-bezerra.png\"\n}"},"parameters":[],"headers":[{"name":"Content-Type","value":"application/json","id":"pair_0ce47bedafa54e0cb4562d9ee313ee73"}],"authentication":{"type":"bearer","token":"{{token}}"},"metaSortKey":-1618782929627,"isPrivate":false,"settingStoreCookies":true,"settingSendCookies":true,"settingDisableRenderRequestBody":false,"settingEncodeUrl":true,"settingRebuildPath":true,"settingFollowRedirects":"global","_type":"request"},{"_id":"fld_d6d8b60e5c014a2c9d78c23cb7eb743a","parentId":"wrk_066b06d4e2c446bdbfc04a2f240aa106","modified":1604788708539,"created":1604788708539,"name":"User","description":"","environment":{},"environmentPropertyOrder":null,"metaSortKey":-1604788708539,"_type":"request_group"},{"_id":"req_92f4df3bb6004938afa59c91857c6035","parentId":"fld_d6d8b60e5c014a2c9d78c23cb7eb743a","modified":1622901472744,"created":1604788724695,"url":"http://localhost:3333/users","name":"Create","description":"","method":"POST","body":{"mimeType":"application/json","text":"{\n\t\"email\": \"giu3@test.com\",\n\t\"username\": \"giu3\",\n\t\"password\": \"123456\"\n}"},"parameters":[],"headers":[{"name":"Content-Type","value":"application/json","id":"pair_9a0ada6354484323bf9db1eab6a0c2bb"}],"authentication":{"type":"bearer","token":"eyJhbGciOiJIUzI1NiIsInR5cCI6IkpXVCJ9.eyJ1aWQiOjEsImlhdCI6MTYxNTMxNDY0OH0.c5vTawdLtNhVDhF3oTLqtFB9ZAtEOcLVK0Fc5B5945o"},"metaSortKey":-1604788724695,"isPrivate":false,"settingStoreCookies":true,"settingSendCookies":true,"settingDisableRenderRequestBody":false,"settingEncodeUrl":true,"settingRebuildPath":true,"settingFollowRedirects":"global","_type":"request"},{"_id":"env_70ac3157b0b27b4a5f47c7539bfbabca897185ef","parentId":"wrk_066b06d4e2c446bdbfc04a2f240aa106","modified":1622917332191,"created":1604788699500,"name":"Base Environment","data":{"token":"NA.mT7bYcCc5eGEHHINjLwvAd_FuMXbwe4nw67GicaZOdhSOUZkEix3F1jsS6ky"},"dataPropertyOrder":{"&":["token"]},"color":null,"isPrivate":false,"metaSortKey":1604788699500,"_type":"environment"},{"_id":"jar_70ac3157b0b27b4a5f47c7539bfbabca897185ef","parentId":"wrk_066b06d4e2c446bdbfc04a2f240aa106","modified":1604788699502,"created":1604788699502,"name":"Default Jar","cookies":[],"_type":"cookie_jar"},{"_id":"spc_3e5a7ad04abb4c07a334f6910931fb13","parentId":"wrk_066b06d4e2c446bdbfc04a2f240aa106","modified":1604788699445,"created":1604788699445,"fileName":"Roleplay","contents":"","contentType":"yaml","_type":"api_spec"}]}